cell_id,row,col,center_x,center_z,covered,uncertainty
0,0,0,-23.046348278625445,-32.83299329305304,0,0.8
1,0,1,-22.046348278625445,-32.83299329305304,0,0.8
2,0,2,-21.046348278625445,-32.83299329305304,0,0.8
3,0,3,-20.046348278625445,-32.83299329305304,0,0.8
4,0,4,-19.046348278625445,-32.83299329305304,0,0.8
5,0,5,-18.046348278625445,-32.83299329305304,0,0.8
6,0,6,-17.046348278625445,-32.83299329305304,0,0.8
7,0,7,-16.046348278625445,-32.83299329305304,0,0.8
8,0,8,-15.046348278625445,-32.83299329305304,0,0.8
9,0,9,-14.046348278625445,-32.83299329305304,0,0.8
10,0,10,-13.046348278625445,-32.83299329305304,0,0.8
11,0,11,-12.046348278625445,-32.83299329305304,0,0.8
12,0,12,-11.046348278625445,-32.83299329305304,0,0.8
13,0,13,-10.046348278625445,-32.83299329305304,0,0.8
14,0,14,-9.046348278625445,-32.83299329305304,0,0.8
15,0,15,-8.046348278625445,-32.83299329305304,0,0.8
16,0,16,-7.0463482786254446,-32.83299329305304,0,0.8
17,0,17,-6.0463482786254446,-32.83299329305304,0,0.8
18,0,18,-5.0463482786254446,-32.83299329305304,0,0.8
19,0,19,-4.0463482786254446,-32.83299329305304,0,0.8
20,0,20,-3.046348278625445,-32.83299329305304,0,0.8
21,0,21,-2.046348278625445,-32.83299329305304,0,0.8
22,0,22,-1.0463482786254446,-32.83299329305304,0,0.8
23,0,23,-0.0463482786254445,-32.83299329305304,0,0.8
24,0,24,0.9536517213745554,-32.83299329305304,0,0.8
25,0,25,1.9536517213745557,-32.83299329305304,0,0.8
26,0,26,2.9536517213745554,-32.83299329305304,0,0.8
27,0,27,3.953651721374555,-32.83299329305304,0,0.8
28,0,28,4.9536517213745554,-32.83299329305304,0,0.8
29,0,29,5.9536517213745554,-32.83299329305304,0,0.8
30,0,30,6.9536517213745554,-32.83299329305304,0,0.8
31,1,0,-23.046348278625445,-31.832993293053043,0,0.8
32,1,1,-22.046348278625445,-31.832993293053043,0,0.8
33,1,2,-21.046348278625445,-31.832993293053043,0,0.8
34,1,3,-20.046348278625445,-31.832993293053043,0,0.8
35,1,4,-19.046348278625445,-31.832993293053043,0,0.8
36,1,5,-18.046348278625445,-31.832993293053043,0,0.8
37,1,6,-17.046348278625445,-31.832993293053043,0,0.8
38,1,7,-16.046348278625445,-31.832993293053043,0,0.8
39,1,8,-15.046348278625445,-31.832993293053043,0,0.8
40,1,9,-14.046348278625445,-31.832993293053043,0,0.8
41,1,10,-13.046348278625445,-31.832993293053043,0,0.8
42,1,11,-12.046348278625445,-31.832993293053043,0,0.8
43,1,12,-11.046348278625445,-31.832993293053043,0,0.8
44,1,13,-10.046348278625445,-31.832993293053043,0,0.8
45,1,14,-9.046348278625445,-31.832993293053043,0,0.8
46,1,15,-8.046348278625445,-31.832993293053043,0,0.8
47,1,16,-7.0463482786254446,-31.832993293053043,0,0.8
48,1,17,-6.0463482786254446,-31.832993293053043,0,0.8
49,1,18,-5.0463482786254446,-31.832993293053043,0,0.8
50,1,19,-4.0463482786254446,-31.832993293053043,0,0.8
51,1,20,-3.046348278625445,-31.832993293053043,0,0.8
52,1,21,-2.046348278625445,-31.832993293053043,0,0.8
53,1,22,-1.0463482786254446,-31.832993293053043,0,0.8
54,1,23,-0.0463482786254445,-31.832993293053043,0,0.8
55,1,24,0.9536517213745554,-31.832993293053043,0,0.8
56,1,25,1.9536517213745557,-31.832993293053043,0,0.8
57,1,26,2.9536517213745554,-31.832993293053043,0,0.8
58,1,27,3.953651721374555,-31.832993293053043,0,0.8
59,1,28,4.9536517213745554,-31.832993293053043,0,0.8
60,1,29,5.9536517213745554,-31.832993293053043,0,0.8
61,1,30,6.9536517213745554,-31.832993293053043,0,0.8
62,2,0,-23.046348278625445,-30.832993293053043,0,0.8
63,2,1,-22.046348278625445,-30.832993293053043,0,0.8
64,2,2,-21.046348278625445,-30.832993293053043,0,0.8
65,2,3,-20.046348278625445,-30.832993293053043,0,0.8
66,2,4,-19.046348278625445,-30.832993293053043,0,0.8
67,2,5,-18.046348278625445,-30.832993293053043,0,0.8
68,2,6,-17.046348278625445,-30.832993293053043,0,0.8
69,2,7,-16.046348278625445,-30.832993293053043,0,0.8
70,2,8,-15.046348278625445,-30.832993293053043,0,0.8
71,2,9,-14.046348278625445,-30.832993293053043,0,0.8
72,2,10,-13.046348278625445,-30.832993293053043,0,0.8
73,2,11,-12.046348278625445,-30.832993293053043,0,0.8
74,2,12,-11.046348278625445,-30.832993293053043,0,0.8
75,2,13,-10.046348278625445,-30.832993293053043,0,0.8
76,2,14,-9.046348278625445,-30.832993293053043,0,0.8
77,2,15,-8.046348278625445,-30.832993293053043,0,0.8
78,2,16,-7.0463482786254446,-30.832993293053043,0,0.8
79,2,17,-6.0463482786254446,-30.832993293053043,1,0.2
80,2,18,-5.0463482786254446,-30.832993293053043,0,0.8
81,2,19,-4.0463482786254446,-30.832993293053043,0,0.8
82,2,20,-3.046348278625445,-30.832993293053043,0,0.8
83,2,21,-2.046348278625445,-30.832993293053043,0,0.8
84,2,22,-1.0463482786254446,-30.832993293053043,0,0.8
85,2,23,-0.0463482786254445,-30.832993293053043,0,0.8
86,2,24,0.9536517213745554,-30.832993293053043,0,0.8
87,2,25,1.9536517213745557,-30.832993293053043,0,0.8
88,2,26,2.9536517213745554,-30.832993293053043,1,0.2
89,2,27,3.953651721374555,-30.832993293053043,1,0.2
90,2,28,4.9536517213745554,-30.832993293053043,0,0.8
91,2,29,5.9536517213745554,-30.832993293053043,0,0.8
92,2,30,6.9536517213745554,-30.832993293053043,0,0.8
93,3,0,-23.046348278625445,-29.832993293053043,0,0.8
94,3,1,-22.046348278625445,-29.832993293053043,0,0.8
95,3,2,-21.046348278625445,-29.832993293053043,0,0.8
96,3,3,-20.046348278625445,-29.832993293053043,0,0.8
97,3,4,-19.046348278625445,-29.832993293053043,0,0.8
98,3,5,-18.046348278625445,-29.832993293053043,0,0.8
99,3,6,-17.046348278625445,-29.832993293053043,0,0.8
100,3,7,-16.046348278625445,-29.832993293053043,0,0.8
101,3,8,-15.046348278625445,-29.832993293053043,0,0.8
102,3,9,-14.046348278625445,-29.832993293053043,0,0.8
103,3,10,-13.046348278625445,-29.832993293053043,0,0.8
104,3,11,-12.046348278625445,-29.832993293053043,0,0.8
105,3,12,-11.046348278625445,-29.832993293053043,0,0.8
106,3,13,-10.046348278625445,-29.832993293053043,0,0.8
107,3,14,-9.046348278625445,-29.832993293053043,0,0.8
108,3,15,-8.046348278625445,-29.832993293053043,1,0.2
109,3,16,-7.0463482786254446,-29.832993293053043,1,0.2
110,3,17,-6.0463482786254446,-29.832993293053043,1,0.2
111,3,18,-5.0463482786254446,-29.832993293053043,1,0.2
112,3,19,-4.0463482786254446,-29.832993293053043,0,0.8
113,3,20,-3.046348278625445,-29.832993293053043,1,0.2
114,3,21,-2.046348278625445,-29.832993293053043,1,0.2
115,3,22,-1.0463482786254446,-29.832993293053043,0,0.8
116,3,23,-0.0463482786254445,-29.832993293053043,0,0.8
117,3,24,0.9536517213745554,-29.832993293053043,0,0.8
118,3,25,1.9536517213745557,-29.832993293053043,1,0.2
119,3,26,2.9536517213745554,-29.832993293053043,1,0.2
120,3,27,3.953651721374555,-29.832993293053043,1,0.2
121,3,28,4.9536517213745554,-29.832993293053043,1,0.2
122,3,29,5.9536517213745554,-29.832993293053043,0,0.8
123,3,30,6.9536517213745554,-29.832993293053043,0,0.8
124,4,0,-23.046348278625445,-28.832993293053043,0,0.8
125,4,1,-22.046348278625445,-28.832993293053043,0,0.8
126,4,2,-21.046348278625445,-28.832993293053043,0,0.8
127,4,3,-20.046348278625445,-28.832993293053043,0,0.8
128,4,4,-19.046348278625445,-28.832993293053043,0,0.8
129,4,5,-18.046348278625445,-28.832993293053043,0,0.8
130,4,6,-17.046348278625445,-28.832993293053043,0,0.8
131,4,7,-16.046348278625445,-28.832993293053043,0,0.8
132,4,8,-15.046348278625445,-28.832993293053043,0,0.8
133,4,9,-14.046348278625445,-28.832993293053043,0,0.8
134,4,10,-13.046348278625445,-28.832993293053043,0,0.8
135,4,11,-12.046348278625445,-28.832993293053043,0,0.8
136,4,12,-11.046348278625445,-28.832993293053043,1,0.2
137,4,13,-10.046348278625445,-28.832993293053043,1,0.2
138,4,14,-9.046348278625445,-28.832993293053043,1,0.2
139,4,15,-8.046348278625445,-28.832993293053043,1,0.2
140,4,16,-7.0463482786254446,-28.832993293053043,1,0.2
141,4,17,-6.0463482786254446,-28.832993293053043,1,0.2
142,4,18,-5.0463482786254446,-28.832993293053043,1,0.2
143,4,19,-4.0463482786254446,-28.832993293053043,1,0.2
144,4,20,-3.046348278625445,-28.832993293053043,1,0.2
145,4,21,-2.046348278625445,-28.832993293053043,1,0.2
146,4,22,-1.0463482786254446,-28.832993293053043,1,0.2
147,4,23,-0.0463482786254445,-28.832993293053043,1,0.2
148,4,24,0.9536517213745554,-28.832993293053043,1,0.2
149,4,25,1.9536517213745557,-28.832993293053043,1,0.2
150,4,26,2.9536517213745554,-28.832993293053043,1,0.2
151,4,27,3.953651721374555,-28.832993293053043,1,0.2
152,4,28,4.9536517213745554,-28.832993293053043,1,0.2
153,4,29,5.9536517213745554,-28.832993293053043,0,0.8
154,4,30,6.9536517213745554,-28.832993293053043,0,0.8
155,5,0,-23.046348278625445,-27.832993293053043,0,0.8
156,5,1,-22.046348278625445,-27.832993293053043,0,0.8
157,5,2,-21.046348278625445,-27.832993293053043,0,0.8
158,5,3,-20.046348278625445,-27.832993293053043,0,0.8
159,5,4,-19.046348278625445,-27.832993293053043,0,0.8
160,5,5,-18.046348278625445,-27.832993293053043,1,0.2
161,5,6,-17.046348278625445,-27.832993293053043,1,0.2
162,5,7,-16.046348278625445,-27.832993293053043,1,0.2
163,5,8,-15.046348278625445,-27.832993293053043,1,0.2
164,5,9,-14.046348278625445,-27.832993293053043,0,0.8
165,5,10,-13.046348278625445,-27.832993293053043,0,0.8
166,5,11,-12.046348278625445,-27.832993293053043,0,0.8
167,5,12,-11.046348278625445,-27.832993293053043,1,0.2
168,5,13,-10.046348278625445,-27.832993293053043,1,0.2
169,5,14,-9.046348278625445,-27.832993293053043,1,0.2
170,5,15,-8.046348278625445,-27.832993293053043,1,0.2
171,5,16,-7.0463482786254446,-27.832993293053043,1,0.2
172,5,17,-6.0463482786254446,-27.832993293053043,1,0.2
173,5,18,-5.0463482786254446,-27.832993293053043,1,0.2
174,5,19,-4.0463482786254446,-27.832993293053043,1,0.2
175,5,20,-3.046348278625445,-27.832993293053043,1,0.2
176,5,21,-2.046348278625445,-27.832993293053043,1,0.2
177,5,22,-1.0463482786254446,-27.832993293053043,1,0.2
178,5,23,-0.0463482786254445,-27.832993293053043,1,0.2
179,5,24,0.9536517213745554,-27.832993293053043,1,0.2
180,5,25,1.9536517213745557,-27.832993293053043,1,0.2
181,5,26,2.9536517213745554,-27.832993293053043,1,0.2
182,5,27,3.953651721374555,-27.832993293053043,1,0.2
183,5,28,4.9536517213745554,-27.832993293053043,1,0.2
184,5,29,5.9536517213745554,-27.832993293053043,0,0.8
185,5,30,6.9536517213745554,-27.832993293053043,0,0.8
186,6,0,-23.046348278625445,-26.832993293053043,0,0.8
187,6,1,-22.046348278625445,-26.832993293053043,0,0.8
188,6,2,-21.046348278625445,-26.832993293053043,0,0.8
189,6,3,-20.046348278625445,-26.832993293053043,0,0.8
190,6,4,-19.046348278625445,-26.832993293053043,1,0.2
191,6,5,-18.046348278625445,-26.832993293053043,1,0.2
192,6,6,-17.046348278625445,-26.832993293053043,1,0.2
193,6,7,-16.046348278625445,-26.832993293053043,1,0.2
194,6,8,-15.046348278625445,-26.832993293053043,1,0.2
195,6,9,-14.046348278625445,-26.832993293053043,1,0.2
196,6,10,-13.046348278625445,-26.832993293053043,0,0.8
197,6,11,-12.046348278625445,-26.832993293053043,1,0.2
198,6,12,-11.046348278625445,-26.832993293053043,1,0.2
199,6,13,-10.046348278625445,-26.832993293053043,1,0.2
200,6,14,-9.046348278625445,-26.832993293053043,1,0.2
201,6,15,-8.046348278625445,-26.832993293053043,1,0.2
202,6,16,-7.0463482786254446,-26.832993293053043,1,0.2
203,6,17,-6.0463482786254446,-26.832993293053043,1,0.2
204,6,18,-5.0463482786254446,-26.832993293053043,1,0.2
205,6,19,-4.0463482786254446,-26.832993293053043,1,0.2
206,6,20,-3.046348278625445,-26.832993293053043,1,0.2
207,6,21,-2.046348278625445,-26.832993293053043,1,0.2
208,6,22,-1.0463482786254446,-26.832993293053043,1,0.2
209,6,23,-0.0463482786254445,-26.832993293053043,1,0.2
210,6,24,0.9536517213745554,-26.832993293053043,1,0.2
211,6,25,1.9536517213745557,-26.832993293053043,1,0.2
212,6,26,2.9536517213745554,-26.832993293053043,1,0.2
213,6,27,3.953651721374555,-26.832993293053043,1,0.2
214,6,28,4.9536517213745554,-26.832993293053043,1,0.2
215,6,29,5.9536517213745554,-26.832993293053043,0,0.8
216,6,30,6.9536517213745554,-26.832993293053043,0,0.8
217,7,0,-23.046348278625445,-25.832993293053043,0,0.8
218,7,1,-22.046348278625445,-25.832993293053043,0,0.8
219,7,2,-21.046348278625445,-25.832993293053043,0,0.8
220,7,3,-20.046348278625445,-25.832993293053043,0,0.8
221,7,4,-19.046348278625445,-25.832993293053043,1,0.2
222,7,5,-18.046348278625445,-25.832993293053043,1,0.2
223,7,6,-17.046348278625445,-25.832993293053043,1,0.2
224,7,7,-16.046348278625445,-25.832993293053043,1,0.2
225,7,8,-15.046348278625445,-25.832993293053043,1,0.2
226,7,9,-14.046348278625445,-25.832993293053043,1,0.2
227,7,10,-13.046348278625445,-25.832993293053043,1,0.2
228,7,11,-12.046348278625445,-25.832993293053043,1,0.2
229,7,12,-11.046348278625445,-25.832993293053043,1,0.2
230,7,13,-10.046348278625445,-25.832993293053043,1,0.2
231,7,14,-9.046348278625445,-25.832993293053043,0,0.8
232,7,15,-8.046348278625445,-25.832993293053043,1,0.2
233,7,16,-7.0463482786254446,-25.832993293053043,1,0.2
234,7,17,-6.0463482786254446,-25.832993293053043,1,0.2
235,7,18,-5.0463482786254446,-25.832993293053043,1,0.2
236,7,19,-4.0463482786254446,-25.832993293053043,1,0.2
237,7,20,-3.046348278625445,-25.832993293053043,1,0.2
238,7,21,-2.046348278625445,-25.832993293053043,1,0.2
239,7,22,-1.0463482786254446,-25.832993293053043,1,0.2
240,7,23,-0.0463482786254445,-25.832993293053043,1,0.2
241,7,24,0.9536517213745554,-25.832993293053043,0,0.8
242,7,25,1.9536517213745557,-25.832993293053043,1,0.2
243,7,26,2.9536517213745554,-25.832993293053043,1,0.2
244,7,27,3.953651721374555,-25.832993293053043,1,0.2
245,7,28,4.9536517213745554,-25.832993293053043,0,0.8
246,7,29,5.9536517213745554,-25.832993293053043,0,0.8
247,7,30,6.9536517213745554,-25.832993293053043,0,0.8
248,8,0,-23.046348278625445,-24.832993293053043,0,0.8
249,8,1,-22.046348278625445,-24.832993293053043,0,0.8
250,8,2,-21.046348278625445,-24.832993293053043,0,0.8
251,8,3,-20.046348278625445,-24.832993293053043,0,0.8
252,8,4,-19.046348278625445,-24.832993293053043,1,0.2
253,8,5,-18.046348278625445,-24.832993293053043,1,0.2
254,8,6,-17.046348278625445,-24.832993293053043,1,0.2
255,8,7,-16.046348278625445,-24.832993293053043,1,0.2
256,8,8,-15.046348278625445,-24.832993293053043,1,0.2
257,8,9,-14.046348278625445,-24.832993293053043,1,0.2
258,8,10,-13.046348278625445,-24.832993293053043,1,0.2
259,8,11,-12.046348278625445,-24.832993293053043,1,0.2
260,8,12,-11.046348278625445,-24.832993293053043,1,0.2
261,8,13,-10.046348278625445,-24.832993293053043,1,0.2
262,8,14,-9.046348278625445,-24.832993293053043,0,0.8
263,8,15,-8.046348278625445,-24.832993293053043,1,0.2
264,8,16,-7.0463482786254446,-24.832993293053043,1,0.2
265,8,17,-6.0463482786254446,-24.832993293053043,1,0.2
266,8,18,-5.0463482786254446,-24.832993293053043,1,0.2
267,8,19,-4.0463482786254446,-24.832993293053043,0,0.8
268,8,20,-3.046348278625445,-24.832993293053043,0,0.8
269,8,21,-2.046348278625445,-24.832993293053043,0,0.8
270,8,22,-1.0463482786254446,-24.832993293053043,0,0.8
271,8,23,-0.0463482786254445,-24.832993293053043,0,0.8
272,8,24,0.9536517213745554,-24.832993293053043,0,0.8
273,8,25,1.9536517213745557,-24.832993293053043,1,0.2
274,8,26,2.9536517213745554,-24.832993293053043,1,0.2
275,8,27,3.953651721374555,-24.832993293053043,1,0.2
276,8,28,4.9536517213745554,-24.832993293053043,0,0.8
277,8,29,5.9536517213745554,-24.832993293053043,0,0.8
278,8,30,6.9536517213745554,-24.832993293053043,0,0.8
279,9,0,-23.046348278625445,-23.832993293053043,0,0.8
280,9,1,-22.046348278625445,-23.832993293053043,0,0.8
281,9,2,-21.046348278625445,-23.832993293053043,0,0.8
282,9,3,-20.046348278625445,-23.832993293053043,1,0.2
283,9,4,-19.046348278625445,-23.832993293053043,0,0.8
284,9,5,-18.046348278625445,-23.832993293053043,1,0.2
285,9,6,-17.046348278625445,-23.832993293053043,1,0.2
286,9,7,-16.046348278625445,-23.832993293053043,1,0.2
287,9,8,-15.046348278625445,-23.832993293053043,1,0.2
288,9,9,-14.046348278625445,-23.832993293053043,1,0.2
289,9,10,-13.046348278625445,-23.832993293053043,1,0.2
290,9,11,-12.046348278625445,-23.832993293053043,1,0.2
291,9,12,-11.046348278625445,-23.832993293053043,1,0.2
292,9,13,-10.046348278625445,-23.832993293053043,1,0.2
293,9,14,-9.046348278625445,-23.832993293053043,0,0.8
294,9,15,-8.046348278625445,-23.832993293053043,0,0.8
295,9,16,-7.0463482786254446,-23.832993293053043,1,0.2
296,9,17,-6.0463482786254446,-23.832993293053043,1,0.2
297,9,18,-5.0463482786254446,-23.832993293053043,0,0.8
298,9,19,-4.0463482786254446,-23.832993293053043,0,0.8
299,9,20,-3.046348278625445,-23.832993293053043,0,0.8
300,9,21,-2.046348278625445,-23.832993293053043,0,0.8
301,9,22,-1.0463482786254446,-23.832993293053043,0,0.8
302,9,23,-0.0463482786254445,-23.832993293053043,0,0.8
303,9,24,0.9536517213745554,-23.832993293053043,1,0.2
304,9,25,1.9536517213745557,-23.832993293053043,1,0.2
305,9,26,2.9536517213745554,-23.832993293053043,1,0.2
306,9,27,3.953651721374555,-23.832993293053043,0,0.8
307,9,28,4.9536517213745554,-23.832993293053043,0,0.8
308,9,29,5.9536517213745554,-23.832993293053043,0,0.8
309,9,30,6.9536517213745554,-23.832993293053043,0,0.8
310,10,0,-23.046348278625445,-22.832993293053043,0,0.8
311,10,1,-22.046348278625445,-22.832993293053043,1,0.2
312,10,2,-21.046348278625445,-22.832993293053043,1,0.2
313,10,3,-20.046348278625445,-22.832993293053043,1,0.2
314,10,4,-19.046348278625445,-22.832993293053043,1,0.2
315,10,5,-18.046348278625445,-22.832993293053043,1,0.2
316,10,6,-17.046348278625445,-22.832993293053043,1,0.2
317,10,7,-16.046348278625445,-22.832993293053043,1,0.2
318,10,8,-15.046348278625445,-22.832993293053043,1,0.2
319,10,9,-14.046348278625445,-22.832993293053043,1,0.2
320,10,10,-13.046348278625445,-22.832993293053043,1,0.2
321,10,11,-12.046348278625445,-22.832993293053043,1,0.2
322,10,12,-11.046348278625445,-22.832993293053043,1,0.2
323,10,13,-10.046348278625445,-22.832993293053043,1,0.2
324,10,14,-9.046348278625445,-22.832993293053043,0,0.8
325,10,15,-8.046348278625445,-22.832993293053043,0,0.8
326,10,16,-7.0463482786254446,-22.832993293053043,0,0.8
327,10,17,-6.0463482786254446,-22.832993293053043,0,0.8
328,10,18,-5.0463482786254446,-22.832993293053043,0,0.8
329,10,19,-4.0463482786254446,-22.832993293053043,0,0.8
330,10,20,-3.046348278625445,-22.832993293053043,0,0.8
331,10,21,-2.046348278625445,-22.832993293053043,0,0.8
332,10,22,-1.0463482786254446,-22.832993293053043,0,0.8
333,10,23,-0.0463482786254445,-22.832993293053043,0,0.8
334,10,24,0.9536517213745554,-22.832993293053043,1,0.2
335,10,25,1.9536517213745557,-22.832993293053043,1,0.2
336,10,26,2.9536517213745554,-22.832993293053043,1,0.2
337,10,27,3.953651721374555,-22.832993293053043,0,0.8
338,10,28,4.9536517213745554,-22.832993293053043,0,0.8
339,10,29,5.9536517213745554,-22.832993293053043,0,0.8
340,10,30,6.9536517213745554,-22.832993293053043,0,0.8
341,11,0,-23.046348278625445,-21.832993293053043,0,0.8
342,11,1,-22.046348278625445,-21.832993293053043,1,0.2
343,11,2,-21.046348278625445,-21.832993293053043,1,0.2
344,11,3,-20.046348278625445,-21.832993293053043,1,0.2
345,11,4,-19.046348278625445,-21.832993293053043,1,0.2
346,11,5,-18.046348278625445,-21.832993293053043,1,0.2
347,11,6,-17.046348278625445,-21.832993293053043,1,0.2
348,11,7,-16.046348278625445,-21.832993293053043,1,0.2
349,11,8,-15.046348278625445,-21.832993293053043,1,0.2
350,11,9,-14.046348278625445,-21.832993293053043,1,0.2
351,11,10,-13.046348278625445,-21.832993293053043,1,0.2
352,11,11,-12.046348278625445,-21.832993293053043,1,0.2
353,11,12,-11.046348278625445,-21.832993293053043,1,0.2
354,11,13,-10.046348278625445,-21.832993293053043,1,0.2
355,11,14,-9.046348278625445,-21.832993293053043,0,0.8
356,11,15,-8.046348278625445,-21.832993293053043,0,0.8
357,11,16,-7.0463482786254446,-21.832993293053043,0,0.8
358,11,17,-6.0463482786254446,-21.832993293053043,0,0.8
359,11,18,-5.0463482786254446,-21.832993293053043,0,0.8
360,11,19,-4.0463482786254446,-21.832993293053043,0,0.8
361,11,20,-3.046348278625445,-21.832993293053043,0,0.8
362,11,21,-2.046348278625445,-21.832993293053043,0,0.8
363,11,22,-1.0463482786254446,-21.832993293053043,0,0.8
364,11,23,-0.0463482786254445,-21.832993293053043,1,0.2
365,11,24,0.9536517213745554,-21.832993293053043,1,0.2
366,11,25,1.9536517213745557,-21.832993293053043,1,0.2
367,11,26,2.9536517213745554,-21.832993293053043,1,0.2
368,11,27,3.953651721374555,-21.832993293053043,0,0.8
369,11,28,4.9536517213745554,-21.832993293053043,0,0.8
370,11,29,5.9536517213745554,-21.832993293053043,0,0.8
371,11,30,6.9536517213745554,-21.832993293053043,0,0.8
372,12,0,-23.046348278625445,-20.832993293053043,0,0.8
373,12,1,-22.046348278625445,-20.832993293053043,1,0.2
374,12,2,-21.046348278625445,-20.832993293053043,1,0.2
375,12,3,-20.046348278625445,-20.832993293053043,1,0.2
376,12,4,-19.046348278625445,-20.832993293053043,1,0.2
377,12,5,-18.046348278625445,-20.832993293053043,1,0.2
378,12,6,-17.046348278625445,-20.832993293053043,1,0.2
379,12,7,-16.046348278625445,-20.832993293053043,1,0.2
380,12,8,-15.046348278625445,-20.832993293053043,1,0.2
381,12,9,-14.046348278625445,-20.832993293053043,1,0.2
382,12,10,-13.046348278625445,-20.832993293053043,1,0.2
383,12,11,-12.046348278625445,-20.832993293053043,1,0.2
384,12,12,-11.046348278625445,-20.832993293053043,1,0.2
385,12,13,-10.046348278625445,-20.832993293053043,0,0.8
386,12,14,-9.046348278625445,-20.832993293053043,0,0.8
387,12,15,-8.046348278625445,-20.832993293053043,0,0.8
388,12,16,-7.0463482786254446,-20.832993293053043,0,0.8
389,12,17,-6.0463482786254446,-20.832993293053043,0,0.8
390,12,18,-5.0463482786254446,-20.832993293053043,0,0.8
391,12,19,-4.0463482786254446,-20.832993293053043,0,0.8
392,12,20,-3.046348278625445,-20.832993293053043,0,0.8
393,12,21,-2.046348278625445,-20.832993293053043,0,0.8
394,12,22,-1.0463482786254446,-20.832993293053043,0,0.8
395,12,23,-0.0463482786254445,-20.832993293053043,1,0.2
396,12,24,0.9536517213745554,-20.832993293053043,1,0.2
397,12,25,1.9536517213745557,-20.832993293053043,1,0.2
398,12,26,2.9536517213745554,-20.832993293053043,0,0.8
399,12,27,3.953651721374555,-20.832993293053043,0,0.8
400,12,28,4.9536517213745554,-20.832993293053043,0,0.8
401,12,29,5.9536517213745554,-20.832993293053043,0,0.8
402,12,30,6.9536517213745554,-20.832993293053043,0,0.8
403,13,0,-23.046348278625445,-19.832993293053043,0,0.8
404,13,1,-22.046348278625445,-19.832993293053043,0,0.8
405,13,2,-21.046348278625445,-19.832993293053043,1,0.2
406,13,3,-20.046348278625445,-19.832993293053043,1,0.2
407,13,4,-19.046348278625445,-19.832993293053043,1,0.2
408,13,5,-18.046348278625445,-19.832993293053043,1,0.2
409,13,6,-17.046348278625445,-19.832993293053043,1,0.2
410,13,7,-16.046348278625445,-19.832993293053043,1,0.2
411,13,8,-15.046348278625445,-19.832993293053043,1,0.2
412,13,9,-14.046348278625445,-19.832993293053043,0,0.8
413,13,10,-13.046348278625445,-19.832993293053043,0,0.8
414,13,11,-12.046348278625445,-19.832993293053043,0,0.8
415,13,12,-11.046348278625445,-19.832993293053043,0,0.8
416,13,13,-10.046348278625445,-19.832993293053043,0,0.8
417,13,14,-9.046348278625445,-19.832993293053043,0,0.8
418,13,15,-8.046348278625445,-19.832993293053043,0,0.8
419,13,16,-7.0463482786254446,-19.832993293053043,0,0.8
420,13,17,-6.0463482786254446,-19.832993293053043,0,0.8
421,13,18,-5.0463482786254446,-19.832993293053043,0,0.8
422,13,19,-4.0463482786254446,-19.832993293053043,0,0.8
423,13,20,-3.046348278625445,-19.832993293053043,0,0.8
424,13,21,-2.046348278625445,-19.832993293053043,0,0.8
425,13,22,-1.0463482786254446,-19.832993293053043,0,0.8
426,13,23,-0.0463482786254445,-19.832993293053043,1,0.2
427,13,24,0.9536517213745554,-19.832993293053043,1,0.2
428,13,25,1.9536517213745557,-19.832993293053043,1,0.2
429,13,26,2.9536517213745554,-19.832993293053043,0,0.8
430,13,27,3.953651721374555,-19.832993293053043,0,0.8
431,13,28,4.9536517213745554,-19.832993293053043,0,0.8
432,13,29,5.9536517213745554,-19.832993293053043,0,0.8
433,13,30,6.9536517213745554,-19.832993293053043,0,0.8
434,14,0,-23.046348278625445,-18.832993293053043,0,0.8
435,14,1,-22.046348278625445,-18.832993293053043,0,0.8
436,14,2,-21.046348278625445,-18.832993293053043,1,0.2
437,14,3,-20.046348278625445,-18.832993293053043,1,0.2
438,14,4,-19.046348278625445,-18.832993293053043,1,0.2
439,14,5,-18.046348278625445,-18.832993293053043,1,0.2
440,14,6,-17.046348278625445,-18.832993293053043,1,0.2
441,14,7,-16.046348278625445,-18.832993293053043,1,0.2
442,14,8,-15.046348278625445,-18.832993293053043,0,0.8
443,14,9,-14.046348278625445,-18.832993293053043,0,0.8
444,14,10,-13.046348278625445,-18.832993293053043,0,0.8
445,14,11,-12.046348278625445,-18.832993293053043,0,0.8
446,14,12,-11.046348278625445,-18.832993293053043,0,0.8
447,14,13,-10.046348278625445,-18.832993293053043,0,0.8
448,14,14,-9.046348278625445,-18.832993293053043,0,0.8
449,14,15,-8.046348278625445,-18.832993293053043,0,0.8
450,14,16,-7.0463482786254446,-18.832993293053043,0,0.8
451,14,17,-6.0463482786254446,-18.832993293053043,0,0.8
452,14,18,-5.0463482786254446,-18.832993293053043,0,0.8
453,14,19,-4.0463482786254446,-18.832993293053043,0,0.8
454,14,20,-3.046348278625445,-18.832993293053043,0,0.8
455,14,21,-2.046348278625445,-18.832993293053043,0,0.8
456,14,22,-1.0463482786254446,-18.832993293053043,1,0.2
457,14,23,-0.0463482786254445,-18.832993293053043,1,0.2
458,14,24,0.9536517213745554,-18.832993293053043,1,0.2
459,14,25,1.9536517213745557,-18.832993293053043,0,0.8
460,14,26,2.9536517213745554,-18.832993293053043,0,0.8
461,14,27,3.953651721374555,-18.832993293053043,0,0.8
462,14,28,4.9536517213745554,-18.832993293053043,0,0.8
463,14,29,5.9536517213745554,-18.832993293053043,0,0.8
464,14,30,6.9536517213745554,-18.832993293053043,0,0.8
465,15,0,-23.046348278625445,-17.832993293053043,0,0.8
466,15,1,-22.046348278625445,-17.832993293053043,0,0.8
467,15,2,-21.046348278625445,-17.832993293053043,1,0.2
468,15,3,-20.046348278625445,-17.832993293053043,1,0.2
469,15,4,-19.046348278625445,-17.832993293053043,1,0.2
470,15,5,-18.046348278625445,-17.832993293053043,1,0.2
471,15,6,-17.046348278625445,-17.832993293053043,1,0.2
472,15,7,-16.046348278625445,-17.832993293053043,0,0.8
473,15,8,-15.046348278625445,-17.832993293053043,0,0.8
474,15,9,-14.046348278625445,-17.832993293053043,0,0.8
475,15,10,-13.046348278625445,-17.832993293053043,0,0.8
476,15,11,-12.046348278625445,-17.832993293053043,0,0.8
477,15,12,-11.046348278625445,-17.832993293053043,0,0.8
478,15,13,-10.046348278625445,-17.832993293053043,0,0.8
479,15,14,-9.046348278625445,-17.832993293053043,0,0.8
480,15,15,-8.046348278625445,-17.832993293053043,0,0.8
481,15,16,-7.0463482786254446,-17.832993293053043,0,0.8
482,15,17,-6.0463482786254446,-17.832993293053043,0,0.8
483,15,18,-5.0463482786254446,-17.832993293053043,0,0.8
484,15,19,-4.0463482786254446,-17.832993293053043,0,0.8
485,15,20,-3.046348278625445,-17.832993293053043,0,0.8
486,15,21,-2.046348278625445,-17.832993293053043,0,0.8
487,15,22,-1.0463482786254446,-17.832993293053043,1,0.2
488,15,23,-0.0463482786254445,-17.832993293053043,1,0.2
489,15,24,0.9536517213745554,-17.832993293053043,1,0.2
490,15,25,1.9536517213745557,-17.832993293053043,0,0.8
491,15,26,2.9536517213745554,-17.832993293053043,0,0.8
492,15,27,3.953651721374555,-17.832993293053043,0,0.8
493,15,28,4.9536517213745554,-17.832993293053043,0,0.8
494,15,29,5.9536517213745554,-17.832993293053043,0,0.8
495,15,30,6.9536517213745554,-17.832993293053043,0,0.8
496,16,0,-23.046348278625445,-16.832993293053043,0,0.8
497,16,1,-22.046348278625445,-16.832993293053043,0,0.8
498,16,2,-21.046348278625445,-16.832993293053043,0,0.8
499,16,3,-20.046348278625445,-16.832993293053043,1,0.2
500,16,4,-19.046348278625445,-16.832993293053043,1,0.2
501,16,5,-18.046348278625445,-16.832993293053043,1,0.2
502,16,6,-17.046348278625445,-16.832993293053043,0,0.8
503,16,7,-16.046348278625445,-16.832993293053043,0,0.8
504,16,8,-15.046348278625445,-16.832993293053043,0,0.8
505,16,9,-14.046348278625445,-16.832993293053043,0,0.8
506,16,10,-13.046348278625445,-16.832993293053043,0,0.8
507,16,11,-12.046348278625445,-16.832993293053043,0,0.8
508,16,12,-11.046348278625445,-16.832993293053043,0,0.8
509,16,13,-10.046348278625445,-16.832993293053043,0,0.8
510,16,14,-9.046348278625445,-16.832993293053043,0,0.8
511,16,15,-8.046348278625445,-16.832993293053043,0,0.8
512,16,16,-7.0463482786254446,-16.832993293053043,0,0.8
513,16,17,-6.0463482786254446,-16.832993293053043,0,0.8
514,16,18,-5.0463482786254446,-16.832993293053043,0,0.8
515,16,19,-4.0463482786254446,-16.832993293053043,0,0.8
516,16,20,-3.046348278625445,-16.832993293053043,0,0.8
517,16,21,-2.046348278625445,-16.832993293053043,1,0.2
518,16,22,-1.0463482786254446,-16.832993293053043,1,0.2
519,16,23,-0.0463482786254445,-16.832993293053043,1,0.2
520,16,24,0.9536517213745554,-16.832993293053043,1,0.2
521,16,25,1.9536517213745557,-16.832993293053043,0,0.8
522,16,26,2.9536517213745554,-16.832993293053043,0,0.8
523,16,27,3.953651721374555,-16.832993293053043,0,0.8
524,16,28,4.9536517213745554,-16.832993293053043,0,0.8
525,16,29,5.9536517213745554,-16.832993293053043,0,0.8
526,16,30,6.9536517213745554,-16.832993293053043,0,0.8
527,17,0,-23.046348278625445,-15.832993293053043,0,0.8
528,17,1,-22.046348278625445,-15.832993293053043,0,0.8
529,17,2,-21.046348278625445,-15.832993293053043,0,0.8
530,17,3,-20.046348278625445,-15.832993293053043,1,0.2
531,17,4,-19.046348278625445,-15.832993293053043,1,0.2
532,17,5,-18.046348278625445,-15.832993293053043,1,0.2
533,17,6,-17.046348278625445,-15.832993293053043,0,0.8
534,17,7,-16.046348278625445,-15.832993293053043,0,0.8
535,17,8,-15.046348278625445,-15.832993293053043,0,0.8
536,17,9,-14.046348278625445,-15.832993293053043,0,0.8
537,17,10,-13.046348278625445,-15.832993293053043,0,0.8
538,17,11,-12.046348278625445,-15.832993293053043,0,0.8
539,17,12,-11.046348278625445,-15.832993293053043,0,0.8
540,17,13,-10.046348278625445,-15.832993293053043,0,0.8
541,17,14,-9.046348278625445,-15.832993293053043,0,0.8
542,17,15,-8.046348278625445,-15.832993293053043,0,0.8
543,17,16,-7.0463482786254446,-15.832993293053043,0,0.8
544,17,17,-6.0463482786254446,-15.832993293053043,0,0.8
545,17,18,-5.0463482786254446,-15.832993293053043,0,0.8
546,17,19,-4.0463482786254446,-15.832993293053043,0,0.8
547,17,20,-3.046348278625445,-15.832993293053043,0,0.8
548,17,21,-2.046348278625445,-15.832993293053043,1,0.2
549,17,22,-1.0463482786254446,-15.832993293053043,1,0.2
550,17,23,-0.0463482786254445,-15.832993293053043,1,0.2
551,17,24,0.9536517213745554,-15.832993293053043,0,0.8
552,17,25,1.9536517213745557,-15.832993293053043,0,0.8
553,17,26,2.9536517213745554,-15.832993293053043,0,0.8
554,17,27,3.953651721374555,-15.832993293053043,0,0.8
555,17,28,4.9536517213745554,-15.832993293053043,0,0.8
556,17,29,5.9536517213745554,-15.832993293053043,0,0.8
557,17,30,6.9536517213745554,-15.832993293053043,0,0.8
558,18,0,-23.046348278625445,-14.832993293053043,0,0.8
559,18,1,-22.046348278625445,-14.832993293053043,0,0.8
560,18,2,-21.046348278625445,-14.832993293053043,0,0.8
561,18,3,-20.046348278625445,-14.832993293053043,1,0.2
562,18,4,-19.046348278625445,-14.832993293053043,1,0.2
563,18,5,-18.046348278625445,-14.832993293053043,1,0.2
564,18,6,-17.046348278625445,-14.832993293053043,0,0.8
565,18,7,-16.046348278625445,-14.832993293053043,0,0.8
566,18,8,-15.046348278625445,-14.832993293053043,0,0.8
567,18,9,-14.046348278625445,-14.832993293053043,0,0.8
568,18,10,-13.046348278625445,-14.832993293053043,0,0.8
569,18,11,-12.046348278625445,-14.832993293053043,0,0.8
570,18,12,-11.046348278625445,-14.832993293053043,0,0.8
571,18,13,-10.046348278625445,-14.832993293053043,0,0.8
572,18,14,-9.046348278625445,-14.832993293053043,0,0.8
573,18,15,-8.046348278625445,-14.832993293053043,0,0.8
574,18,16,-7.0463482786254446,-14.832993293053043,0,0.8
575,18,17,-6.0463482786254446,-14.832993293053043,0,0.8
576,18,18,-5.0463482786254446,-14.832993293053043,0,0.8
577,18,19,-4.0463482786254446,-14.832993293053043,0,0.8
578,18,20,-3.046348278625445,-14.832993293053043,0,0.8
579,18,21,-2.046348278625445,-14.832993293053043,1,0.2
580,18,22,-1.0463482786254446,-14.832993293053043,1,0.2
581,18,23,-0.0463482786254445,-14.832993293053043,1,0.2
582,18,24,0.9536517213745554,-14.832993293053043,0,0.8
583,18,25,1.9536517213745557,-14.832993293053043,0,0.8
584,18,26,2.9536517213745554,-14.832993293053043,0,0.8
585,18,27,3.953651721374555,-14.832993293053043,0,0.8
586,18,28,4.9536517213745554,-14.832993293053043,0,0.8
587,18,29,5.9536517213745554,-14.832993293053043,0,0.8
588,18,30,6.9536517213745554,-14.832993293053043,0,0.8
589,19,0,-23.046348278625445,-13.832993293053043,0,0.8
590,19,1,-22.046348278625445,-13.832993293053043,0,0.8
591,19,2,-21.046348278625445,-13.832993293053043,0,0.8
592,19,3,-20.046348278625445,-13.832993293053043,0,0.8
593,19,4,-19.046348278625445,-13.832993293053043,0,0.8
594,19,5,-18.046348278625445,-13.832993293053043,0,0.8
595,19,6,-17.046348278625445,-13.832993293053043,0,0.8
596,19,7,-16.046348278625445,-13.832993293053043,0,0.8
597,19,8,-15.046348278625445,-13.832993293053043,0,0.8
598,19,9,-14.046348278625445,-13.832993293053043,0,0.8
599,19,10,-13.046348278625445,-13.832993293053043,0,0.8
600,19,11,-12.046348278625445,-13.832993293053043,0,0.8
601,19,12,-11.046348278625445,-13.832993293053043,0,0.8
602,19,13,-10.046348278625445,-13.832993293053043,0,0.8
603,19,14,-9.046348278625445,-13.832993293053043,0,0.8
604,19,15,-8.046348278625445,-13.832993293053043,0,0.8
605,19,16,-7.0463482786254446,-13.832993293053043,0,0.8
606,19,17,-6.0463482786254446,-13.832993293053043,0,0.8
607,19,18,-5.0463482786254446,-13.832993293053043,0,0.8
608,19,19,-4.0463482786254446,-13.832993293053043,0,0.8
609,19,20,-3.046348278625445,-13.832993293053043,1,0.2
610,19,21,-2.046348278625445,-13.832993293053043,1,0.2
611,19,22,-1.0463482786254446,-13.832993293053043,1,0.2
612,19,23,-0.0463482786254445,-13.832993293053043,0,0.8
613,19,24,0.9536517213745554,-13.832993293053043,0,0.8
614,19,25,1.9536517213745557,-13.832993293053043,0,0.8
615,19,26,2.9536517213745554,-13.832993293053043,0,0.8
616,19,27,3.953651721374555,-13.832993293053043,0,0.8
617,19,28,4.9536517213745554,-13.832993293053043,0,0.8
618,19,29,5.9536517213745554,-13.832993293053043,0,0.8
619,19,30,6.9536517213745554,-13.832993293053043,0,0.8
620,20,0,-23.046348278625445,-12.832993293053043,0,0.8
621,20,1,-22.046348278625445,-12.832993293053043,0,0.8
622,20,2,-21.046348278625445,-12.832993293053043,0,0.8
623,20,3,-20.046348278625445,-12.832993293053043,0,0.8
624,20,4,-19.046348278625445,-12.832993293053043,0,0.8
625,20,5,-18.046348278625445,-12.832993293053043,0,0.8
626,20,6,-17.046348278625445,-12.832993293053043,0,0.8
627,20,7,-16.046348278625445,-12.832993293053043,0,0.8
628,20,8,-15.046348278625445,-12.832993293053043,0,0.8
629,20,9,-14.046348278625445,-12.832993293053043,0,0.8
630,20,10,-13.046348278625445,-12.832993293053043,0,0.8
631,20,11,-12.046348278625445,-12.832993293053043,0,0.8
632,20,12,-11.046348278625445,-12.832993293053043,0,0.8
633,20,13,-10.046348278625445,-12.832993293053043,0,0.8
634,20,14,-9.046348278625445,-12.832993293053043,0,0.8
635,20,15,-8.046348278625445,-12.832993293053043,0,0.8
636,20,16,-7.0463482786254446,-12.832993293053043,0,0.8
637,20,17,-6.0463482786254446,-12.832993293053043,0,0.8
638,20,18,-5.0463482786254446,-12.832993293053043,0,0.8
639,20,19,-4.0463482786254446,-12.832993293053043,0,0.8
640,20,20,-3.046348278625445,-12.832993293053043,1,0.2
641,20,21,-2.046348278625445,-12.832993293053043,1,0.2
642,20,22,-1.0463482786254446,-12.832993293053043,1,0.2
643,20,23,-0.0463482786254445,-12.832993293053043,0,0.8
644,20,24,0.9536517213745554,-12.832993293053043,0,0.8
645,20,25,1.9536517213745557,-12.832993293053043,0,0.8
646,20,26,2.9536517213745554,-12.832993293053043,0,0.8
647,20,27,3.953651721374555,-12.832993293053043,0,0.8
648,20,28,4.9536517213745554,-12.832993293053043,0,0.8
649,20,29,5.9536517213745554,-12.832993293053043,0,0.8
650,20,30,6.9536517213745554,-12.832993293053043,0,0.8
651,21,0,-23.046348278625445,-11.832993293053043,0,0.8
652,21,1,-22.046348278625445,-11.832993293053043,0,0.8
653,21,2,-21.046348278625445,-11.832993293053043,0,0.8
654,21,3,-20.046348278625445,-11.832993293053043,0,0.8
655,21,4,-19.046348278625445,-11.832993293053043,0,0.8
656,21,5,-18.046348278625445,-11.832993293053043,0,0.8
657,21,6,-17.046348278625445,-11.832993293053043,0,0.8
658,21,7,-16.046348278625445,-11.832993293053043,0,0.8
659,21,8,-15.046348278625445,-11.832993293053043,0,0.8
660,21,9,-14.046348278625445,-11.832993293053043,0,0.8
661,21,10,-13.046348278625445,-11.832993293053043,0,0.8
662,21,11,-12.046348278625445,-11.832993293053043,0,0.8
663,21,12,-11.046348278625445,-11.832993293053043,0,0.8
664,21,13,-10.046348278625445,-11.832993293053043,0,0.8
665,21,14,-9.046348278625445,-11.832993293053043,0,0.8
666,21,15,-8.046348278625445,-11.832993293053043,0,0.8
667,21,16,-7.0463482786254446,-11.832993293053043,0,0.8
668,21,17,-6.0463482786254446,-11.832993293053043,0,0.8
669,21,18,-5.0463482786254446,-11.832993293053043,0,0.8
670,21,19,-4.0463482786254446,-11.832993293053043,1,0.2
671,21,20,-3.046348278625445,-11.832993293053043,1,0.2
672,21,21,-2.046348278625445,-11.832993293053043,1,0.2
673,21,22,-1.0463482786254446,-11.832993293053043,1,0.2
674,21,23,-0.0463482786254445,-11.832993293053043,0,0.8
675,21,24,0.9536517213745554,-11.832993293053043,0,0.8
676,21,25,1.9536517213745557,-11.832993293053043,0,0.8
677,21,26,2.9536517213745554,-11.832993293053043,0,0.8
678,21,27,3.953651721374555,-11.832993293053043,0,0.8
679,21,28,4.9536517213745554,-11.832993293053043,0,0.8
680,21,29,5.9536517213745554,-11.832993293053043,0,0.8
681,21,30,6.9536517213745554,-11.832993293053043,0,0.8
682,22,0,-23.046348278625445,-10.832993293053043,0,0.8
683,22,1,-22.046348278625445,-10.832993293053043,0,0.8
684,22,2,-21.046348278625445,-10.832993293053043,0,0.8
685,22,3,-20.046348278625445,-10.832993293053043,0,0.8
686,22,4,-19.046348278625445,-10.832993293053043,0,0.8
687,22,5,-18.046348278625445,-10.832993293053043,0,0.8
688,22,6,-17.046348278625445,-10.832993293053043,0,0.8
689,22,7,-16.046348278625445,-10.832993293053043,0,0.8
690,22,8,-15.046348278625445,-10.832993293053043,0,0.8
691,22,9,-14.046348278625445,-10.832993293053043,0,0.8
692,22,10,-13.046348278625445,-10.832993293053043,0,0.8
693,22,11,-12.046348278625445,-10.832993293053043,0,0.8
694,22,12,-11.046348278625445,-10.832993293053043,0,0.8
695,22,13,-10.046348278625445,-10.832993293053043,0,0.8
696,22,14,-9.046348278625445,-10.832993293053043,0,0.8
697,22,15,-8.046348278625445,-10.832993293053043,0,0.8
698,22,16,-7.0463482786254446,-10.832993293053043,0,0.8
699,22,17,-6.0463482786254446,-10.832993293053043,0,0.8
700,22,18,-5.0463482786254446,-10.832993293053043,0,0.8
701,22,19,-4.0463482786254446,-10.832993293053043,1,0.2
702,22,20,-3.046348278625445,-10.832993293053043,1,0.2
703,22,21,-2.046348278625445,-10.832993293053043,1,0.2
704,22,22,-1.0463482786254446,-10.832993293053043,0,0.8
705,22,23,-0.0463482786254445,-10.832993293053043,0,0.8
706,22,24,0.9536517213745554,-10.832993293053043,0,0.8
707,22,25,1.9536517213745557,-10.832993293053043,0,0.8
708,22,26,2.9536517213745554,-10.832993293053043,0,0.8
709,22,27,3.953651721374555,-10.832993293053043,0,0.8
710,22,28,4.9536517213745554,-10.832993293053043,0,0.8
711,22,29,5.9536517213745554,-10.832993293053043,0,0.8
712,22,30,6.9536517213745554,-10.832993293053043,0,0.8
713,23,0,-23.046348278625445,-9.832993293053043,0,0.8
714,23,1,-22.046348278625445,-9.832993293053043,0,0.8
715,23,2,-21.046348278625445,-9.832993293053043,0,0.8
716,23,3,-20.046348278625445,-9.832993293053043,0,0.8
717,23,4,-19.046348278625445,-9.832993293053043,0,0.8
718,23,5,-18.046348278625445,-9.832993293053043,0,0.8
719,23,6,-17.046348278625445,-9.832993293053043,0,0.8
720,23,7,-16.046348278625445,-9.832993293053043,0,0.8
721,23,8,-15.046348278625445,-9.832993293053043,0,0.8
722,23,9,-14.046348278625445,-9.832993293053043,0,0.8
723,23,10,-13.046348278625445,-9.832993293053043,0,0.8
724,23,11,-12.046348278625445,-9.832993293053043,0,0.8
725,23,12,-11.046348278625445,-9.832993293053043,0,0.8
726,23,13,-10.046348278625445,-9.832993293053043,0,0.8
727,23,14,-9.046348278625445,-9.832993293053043,0,0.8
728,23,15,-8.046348278625445,-9.832993293053043,0,0.8
729,23,16,-7.0463482786254446,-9.832993293053043,0,0.8
730,23,17,-6.0463482786254446,-9.832993293053043,0,0.8
731,23,18,-5.0463482786254446,-9.832993293053043,0,0.8
732,23,19,-4.0463482786254446,-9.832993293053043,1,0.2
733,23,20,-3.046348278625445,-9.832993293053043,1,0.2
734,23,21,-2.046348278625445,-9.832993293053043,1,0.2
735,23,22,-1.0463482786254446,-9.832993293053043,1,0.2
736,23,23,-0.0463482786254445,-9.832993293053043,0,0.8
737,23,24,0.9536517213745554,-9.832993293053043,0,0.8
738,23,25,1.9536517213745557,-9.832993293053043,0,0.8
739,23,26,2.9536517213745554,-9.832993293053043,0,0.8
740,23,27,3.953651721374555,-9.832993293053043,0,0.8
741,23,28,4.9536517213745554,-9.832993293053043,0,0.8
742,23,29,5.9536517213745554,-9.832993293053043,0,0.8
743,23,30,6.9536517213745554,-9.832993293053043,0,0.8
744,24,0,-23.046348278625445,-8.832993293053043,0,0.8
745,24,1,-22.046348278625445,-8.832993293053043,0,0.8
746,24,2,-21.046348278625445,-8.832993293053043,0,0.8
747,24,3,-20.046348278625445,-8.832993293053043,0,0.8
748,24,4,-19.046348278625445,-8.832993293053043,0,0.8
749,24,5,-18.046348278625445,-8.832993293053043,0,0.8
750,24,6,-17.046348278625445,-8.832993293053043,0,0.8
751,24,7,-16.046348278625445,-8.832993293053043,0,0.8
752,24,8,-15.046348278625445,-8.832993293053043,0,0.8
753,24,9,-14.046348278625445,-8.832993293053043,0,0.8
754,24,10,-13.046348278625445,-8.832993293053043,0,0.8
755,24,11,-12.046348278625445,-8.832993293053043,0,0.8
756,24,12,-11.046348278625445,-8.832993293053043,0,0.8
757,24,13,-10.046348278625445,-8.832993293053043,0,0.8
758,24,14,-9.046348278625445,-8.832993293053043,0,0.8
759,24,15,-8.046348278625445,-8.832993293053043,0,0.8
760,24,16,-7.0463482786254446,-8.832993293053043,0,0.8
761,24,17,-6.0463482786254446,-8.832993293053043,0,0.8
762,24,18,-5.0463482786254446,-8.832993293053043,0,0.8
763,24,19,-4.0463482786254446,-8.832993293053043,1,0.2
764,24,20,-3.046348278625445,-8.832993293053043,1,0.2
765,24,21,-2.046348278625445,-8.832993293053043,1,0.2
766,24,22,-1.0463482786254446,-8.832993293053043,0,0.8
767,24,23,-0.0463482786254445,-8.832993293053043,0,0.8
768,24,24,0.9536517213745554,-8.832993293053043,0,0.8
769,24,25,1.9536517213745557,-8.832993293053043,0,0.8
770,24,26,2.9536517213745554,-8.832993293053043,0,0.8
771,24,27,3.953651721374555,-8.832993293053043,0,0.8
772,24,28,4.9536517213745554,-8.832993293053043,0,0.8
773,24,29,5.9536517213745554,-8.832993293053043,0,0.8
774,24,30,6.9536517213745554,-8.832993293053043,0,0.8
775,25,0,-23.046348278625445,-7.832993293053043,0,0.8
776,25,1,-22.046348278625445,-7.832993293053043,0,0.8
777,25,2,-21.046348278625445,-7.832993293053043,0,0.8
778,25,3,-20.046348278625445,-7.832993293053043,0,0.8
779,25,4,-19.046348278625445,-7.832993293053043,0,0.8
780,25,5,-18.046348278625445,-7.832993293053043,0,0.8
781,25,6,-17.046348278625445,-7.832993293053043,0,0.8
782,25,7,-16.046348278625445,-7.832993293053043,0,0.8
783,25,8,-15.046348278625445,-7.832993293053043,0,0.8
784,25,9,-14.046348278625445,-7.832993293053043,0,0.8
785,25,10,-13.046348278625445,-7.832993293053043,0,0.8
786,25,11,-12.046348278625445,-7.832993293053043,0,0.8
787,25,12,-11.046348278625445,-7.832993293053043,0,0.8
788,25,13,-10.046348278625445,-7.832993293053043,0,0.8
789,25,14,-9.046348278625445,-7.832993293053043,0,0.8
790,25,15,-8.046348278625445,-7.832993293053043,0,0.8
791,25,16,-7.0463482786254446,-7.832993293053043,0,0.8
792,25,17,-6.0463482786254446,-7.832993293053043,0,0.8
793,25,18,-5.0463482786254446,-7.832993293053043,0,0.8
794,25,19,-4.0463482786254446,-7.832993293053043,1,0.2
795,25,20,-3.046348278625445,-7.832993293053043,1,0.2
796,25,21,-2.046348278625445,-7.832993293053043,1,0.2
797,25,22,-1.0463482786254446,-7.832993293053043,1,0.2
798,25,23,-0.0463482786254445,-7.832993293053043,0,0.8
799,25,24,0.9536517213745554,-7.832993293053043,0,0.8
800,25,25,1.9536517213745557,-7.832993293053043,0,0.8
801,25,26,2.9536517213745554,-7.832993293053043,0,0.8
802,25,27,3.953651721374555,-7.832993293053043,0,0.8
803,25,28,4.9536517213745554,-7.832993293053043,0,0.8
804,25,29,5.9536517213745554,-7.832993293053043,0,0.8
805,25,30,6.9536517213745554,-7.832993293053043,0,0.8
806,26,0,-23.046348278625445,-6.832993293053043,0,0.8
807,26,1,-22.046348278625445,-6.832993293053043,0,0.8
808,26,2,-21.046348278625445,-6.832993293053043,0,0.8
809,26,3,-20.046348278625445,-6.832993293053043,0,0.8
810,26,4,-19.046348278625445,-6.832993293053043,0,0.8
811,26,5,-18.046348278625445,-6.832993293053043,0,0.8
812,26,6,-17.046348278625445,-6.832993293053043,0,0.8
813,26,7,-16.046348278625445,-6.832993293053043,0,0.8
814,26,8,-15.046348278625445,-6.832993293053043,0,0.8
815,26,9,-14.046348278625445,-6.832993293053043,0,0.8
816,26,10,-13.046348278625445,-6.832993293053043,0,0.8
817,26,11,-12.046348278625445,-6.832993293053043,0,0.8
818,26,12,-11.046348278625445,-6.832993293053043,0,0.8
819,26,13,-10.046348278625445,-6.832993293053043,0,0.8
820,26,14,-9.046348278625445,-6.832993293053043,0,0.8
821,26,15,-8.046348278625445,-6.832993293053043,0,0.8
822,26,16,-7.0463482786254446,-6.832993293053043,0,0.8
823,26,17,-6.0463482786254446,-6.832993293053043,0,0.8
824,26,18,-5.0463482786254446,-6.832993293053043,1,0.2
825,26,19,-4.0463482786254446,-6.832993293053043,1,0.2
826,26,20,-3.046348278625445,-6.832993293053043,1,0.2
827,26,21,-2.046348278625445,-6.832993293053043,1,0.2
828,26,22,-1.0463482786254446,-6.832993293053043,1,0.2
829,26,23,-0.0463482786254445,-6.832993293053043,0,0.8
830,26,24,0.9536517213745554,-6.832993293053043,0,0.8
831,26,25,1.9536517213745557,-6.832993293053043,0,0.8
832,26,26,2.9536517213745554,-6.832993293053043,0,0.8
833,26,27,3.953651721374555,-6.832993293053043,0,0.8
834,26,28,4.9536517213745554,-6.832993293053043,0,0.8
835,26,29,5.9536517213745554,-6.832993293053043,0,0.8
836,26,30,6.9536517213745554,-6.832993293053043,0,0.8
837,27,0,-23.046348278625445,-5.832993293053043,0,0.8
838,27,1,-22.046348278625445,-5.832993293053043,0,0.8
839,27,2,-21.046348278625445,-5.832993293053043,0,0.8
840,27,3,-20.046348278625445,-5.832993293053043,0,0.8
841,27,4,-19.046348278625445,-5.832993293053043,0,0.8
842,27,5,-18.046348278625445,-5.832993293053043,0,0.8
843,27,6,-17.046348278625445,-5.832993293053043,0,0.8
844,27,7,-16.046348278625445,-5.832993293053043,0,0.8
845,27,8,-15.046348278625445,-5.832993293053043,0,0.8
846,27,9,-14.046348278625445,-5.832993293053043,0,0.8
847,27,10,-13.046348278625445,-5.832993293053043,0,0.8
848,27,11,-12.046348278625445,-5.832993293053043,0,0.8
849,27,12,-11.046348278625445,-5.832993293053043,0,0.8
850,27,13,-10.046348278625445,-5.832993293053043,0,0.8
851,27,14,-9.046348278625445,-5.832993293053043,0,0.8
852,27,15,-8.046348278625445,-5.832993293053043,0,0.8
853,27,16,-7.0463482786254446,-5.832993293053043,0,0.8
854,27,17,-6.0463482786254446,-5.832993293053043,0,0.8
855,27,18,-5.0463482786254446,-5.832993293053043,1,0.2
856,27,19,-4.0463482786254446,-5.832993293053043,1,0.2
857,27,20,-3.046348278625445,-5.832993293053043,1,0.2
858,27,21,-2.046348278625445,-5.832993293053043,1,0.2
859,27,22,-1.0463482786254446,-5.832993293053043,1,0.2
860,27,23,-0.0463482786254445,-5.832993293053043,0,0.8
861,27,24,0.9536517213745554,-5.832993293053043,0,0.8
862,27,25,1.9536517213745557,-5.832993293053043,0,0.8
863,27,26,2.9536517213745554,-5.832993293053043,0,0.8
864,27,27,3.953651721374555,-5.832993293053043,0,0.8
865,27,28,4.9536517213745554,-5.832993293053043,0,0.8
866,27,29,5.9536517213745554,-5.832993293053043,0,0.8
867,27,30,6.9536517213745554,-5.832993293053043,0,0.8
868,28,0,-23.046348278625445,-4.832993293053043,0,0.8
869,28,1,-22.046348278625445,-4.832993293053043,0,0.8
870,28,2,-21.046348278625445,-4.832993293053043,0,0.8
871,28,3,-20.046348278625445,-4.832993293053043,0,0.8
872,28,4,-19.046348278625445,-4.832993293053043,0,0.8
873,28,5,-18.046348278625445,-4.832993293053043,0,0.8
874,28,6,-17.046348278625445,-4.832993293053043,0,0.8
875,28,7,-16.046348278625445,-4.832993293053043,0,0.8
876,28,8,-15.046348278625445,-4.832993293053043,0,0.8
877,28,9,-14.046348278625445,-4.832993293053043,0,0.8
878,28,10,-13.046348278625445,-4.832993293053043,0,0.8
879,28,11,-12.046348278625445,-4.832993293053043,0,0.8
880,28,12,-11.046348278625445,-4.832993293053043,0,0.8
881,28,13,-10.046348278625445,-4.832993293053043,0,0.8
882,28,14,-9.046348278625445,-4.832993293053043,0,0.8
883,28,15,-8.046348278625445,-4.832993293053043,0,0.8
884,28,16,-7.0463482786254446,-4.832993293053043,0,0.8
885,28,17,-6.0463482786254446,-4.832993293053043,0,0.8
886,28,18,-5.0463482786254446,-4.832993293053043,1,0.2
887,28,19,-4.0463482786254446,-4.832993293053043,1,0.2
888,28,20,-3.046348278625445,-4.832993293053043,1,0.2
889,28,21,-2.046348278625445,-4.832993293053043,1,0.2
890,28,22,-1.0463482786254446,-4.832993293053043,1,0.2
891,28,23,-0.0463482786254445,-4.832993293053043,0,0.8
892,28,24,0.9536517213745554,-4.832993293053043,0,0.8
893,28,25,1.9536517213745557,-4.832993293053043,0,0.8
894,28,26,2.9536517213745554,-4.832993293053043,0,0.8
895,28,27,3.953651721374555,-4.832993293053043,0,0.8
896,28,28,4.9536517213745554,-4.832993293053043,0,0.8
897,28,29,5.9536517213745554,-4.832993293053043,0,0.8
898,28,30,6.9536517213745554,-4.832993293053043,0,0.8
899,29,0,-23.046348278625445,-3.8329932930530433,0,0.8
900,29,1,-22.046348278625445,-3.8329932930530433,0,0.8
901,29,2,-21.046348278625445,-3.8329932930530433,0,0.8
902,29,3,-20.046348278625445,-3.8329932930530433,0,0.8
903,29,4,-19.046348278625445,-3.8329932930530433,0,0.8
904,29,5,-18.046348278625445,-3.8329932930530433,0,0.8
905,29,6,-17.046348278625445,-3.8329932930530433,0,0.8
906,29,7,-16.046348278625445,-3.8329932930530433,0,0.8
907,29,8,-15.046348278625445,-3.8329932930530433,0,0.8
908,29,9,-14.046348278625445,-3.8329932930530433,0,0.8
909,29,10,-13.046348278625445,-3.8329932930530433,0,0.8
910,29,11,-12.046348278625445,-3.8329932930530433,0,0.8
911,29,12,-11.046348278625445,-3.8329932930530433,0,0.8
912,29,13,-10.046348278625445,-3.8329932930530433,0,0.8
913,29,14,-9.046348278625445,-3.8329932930530433,0,0.8
914,29,15,-8.046348278625445,-3.8329932930530433,0,0.8
915,29,16,-7.0463482786254446,-3.8329932930530433,0,0.8
916,29,17,-6.0463482786254446,-3.8329932930530433,0,0.8
917,29,18,-5.0463482786254446,-3.8329932930530433,0,0.8
918,29,19,-4.0463482786254446,-3.8329932930530433,1,0.2
919,29,20,-3.046348278625445,-3.8329932930530433,1,0.2
920,29,21,-2.046348278625445,-3.8329932930530433,1,0.2
921,29,22,-1.0463482786254446,-3.8329932930530433,1,0.2
922,29,23,-0.0463482786254445,-3.8329932930530433,0,0.8
923,29,24,0.9536517213745554,-3.8329932930530433,0,0.8
924,29,25,1.9536517213745557,-3.8329932930530433,0,0.8
925,29,26,2.9536517213745554,-3.8329932930530433,0,0.8
926,29,27,3.953651721374555,-3.8329932930530433,0,0.8
927,29,28,4.9536517213745554,-3.8329932930530433,0,0.8
928,29,29,5.9536517213745554,-3.8329932930530433,0,0.8
929,29,30,6.9536517213745554,-3.8329932930530433,0,0.8
930,30,0,-23.046348278625445,-2.8329932930530437,0,0.8
931,30,1,-22.046348278625445,-2.8329932930530437,0,0.8
932,30,2,-21.046348278625445,-2.8329932930530437,0,0.8
933,30,3,-20.046348278625445,-2.8329932930530437,0,0.8
934,30,4,-19.046348278625445,-2.8329932930530437,0,0.8
935,30,5,-18.046348278625445,-2.8329932930530437,0,0.8
936,30,6,-17.046348278625445,-2.8329932930530437,0,0.8
937,30,7,-16.046348278625445,-2.8329932930530437,0,0.8
938,30,8,-15.046348278625445,-2.8329932930530437,0,0.8
939,30,9,-14.046348278625445,-2.8329932930530437,0,0.8
940,30,10,-13.046348278625445,-2.8329932930530437,0,0.8
941,30,11,-12.046348278625445,-2.8329932930530437,0,0.8
942,30,12,-11.046348278625445,-2.8329932930530437,0,0.8
943,30,13,-10.046348278625445,-2.8329932930530437,0,0.8
944,30,14,-9.046348278625445,-2.8329932930530437,0,0.8
945,30,15,-8.046348278625445,-2.8329932930530437,0,0.8
946,30,16,-7.0463482786254446,-2.8329932930530437,0,0.8
947,30,17,-6.0463482786254446,-2.8329932930530437,0,0.8
948,30,18,-5.0463482786254446,-2.8329932930530437,0,0.8
949,30,19,-4.0463482786254446,-2.8329932930530437,1,0.2
950,30,20,-3.046348278625445,-2.8329932930530437,1,0.2
951,30,21,-2.046348278625445,-2.8329932930530437,1,0.2
952,30,22,-1.0463482786254446,-2.8329932930530437,1,0.2
953,30,23,-0.0463482786254445,-2.8329932930530437,0,0.8
954,30,24,0.9536517213745554,-2.8329932930530437,0,0.8
955,30,25,1.9536517213745557,-2.8329932930530437,0,0.8
956,30,26,2.9536517213745554,-2.8329932930530437,0,0.8
957,30,27,3.953651721374555,-2.8329932930530437,0,0.8
958,30,28,4.9536517213745554,-2.8329932930530437,0,0.8
959,30,29,5.9536517213745554,-2.8329932930530437,0,0.8
960,30,30,6.9536517213745554,-2.8329932930530437,0,0.8
961,31,0,-23.046348278625445,-1.8329932930530437,0,0.8
962,31,1,-22.046348278625445,-1.8329932930530437,0,0.8
963,31,2,-21.046348278625445,-1.8329932930530437,0,0.8
964,31,3,-20.046348278625445,-1.8329932930530437,0,0.8
965,31,4,-19.046348278625445,-1.8329932930530437,0,0.8
966,31,5,-18.046348278625445,-1.8329932930530437,0,0.8
967,31,6,-17.046348278625445,-1.8329932930530437,0,0.8
968,31,7,-16.046348278625445,-1.8329932930530437,0,0.8
969,31,8,-15.046348278625445,-1.8329932930530437,0,0.8
970,31,9,-14.046348278625445,-1.8329932930530437,0,0.8
971,31,10,-13.046348278625445,-1.8329932930530437,0,0.8
972,31,11,-12.046348278625445,-1.8329932930530437,0,0.8
973,31,12,-11.046348278625445,-1.8329932930530437,0,0.8
974,31,13,-10.046348278625445,-1.8329932930530437,0,0.8
975,31,14,-9.046348278625445,-1.8329932930530437,0,0.8
976,31,15,-8.046348278625445,-1.8329932930530437,0,0.8
977,31,16,-7.0463482786254446,-1.8329932930530437,0,0.8
978,31,17,-6.0463482786254446,-1.8329932930530437,0,0.8
979,31,18,-5.0463482786254446,-1.8329932930530437,0,0.8
980,31,19,-4.0463482786254446,-1.8329932930530437,1,0.2
981,31,20,-3.046348278625445,-1.8329932930530437,1,0.2
982,31,21,-2.046348278625445,-1.8329932930530437,1,0.2
983,31,22,-1.0463482786254446,-1.8329932930530437,1,0.2
984,31,23,-0.0463482786254445,-1.8329932930530437,1,0.2
985,31,24,0.9536517213745554,-1.8329932930530437,0,0.8
986,31,25,1.9536517213745557,-1.8329932930530437,0,0.8
987,31,26,2.9536517213745554,-1.8329932930530437,0,0.8
988,31,27,3.953651721374555,-1.8329932930530437,0,0.8
989,31,28,4.9536517213745554,-1.8329932930530437,0,0.8
990,31,29,5.9536517213745554,-1.8329932930530437,0,0.8
991,31,30,6.9536517213745554,-1.8329932930530437,0,0.8
992,32,0,-23.046348278625445,-0.8329932930530433,0,0.8
993,32,1,-22.046348278625445,-0.8329932930530433,0,0.8
994,32,2,-21.046348278625445,-0.8329932930530433,0,0.8
995,32,3,-20.046348278625445,-0.8329932930530433,0,0.8
996,32,4,-19.046348278625445,-0.8329932930530433,0,0.8
997,32,5,-18.046348278625445,-0.8329932930530433,0,0.8
998,32,6,-17.046348278625445,-0.8329932930530433,0,0.8
999,32,7,-16.046348278625445,-0.8329932930530433,0,0.8
1000,32,8,-15.046348278625445,-0.8329932930530433,0,0.8
1001,32,9,-14.046348278625445,-0.8329932930530433,0,0.8
1002,32,10,-13.046348278625445,-0.8329932930530433,0,0.8
1003,32,11,-12.046348278625445,-0.8329932930530433,0,0.8
1004,32,12,-11.046348278625445,-0.8329932930530433,0,0.8
1005,32,13,-10.046348278625445,-0.8329932930530433,0,0.8
1006,32,14,-9.046348278625445,-0.8329932930530433,0,0.8
1007,32,15,-8.046348278625445,-0.8329932930530433,0,0.8
1008,32,16,-7.0463482786254446,-0.8329932930530433,0,0.8
1009,32,17,-6.0463482786254446,-0.8329932930530433,0,0.8
1010,32,18,-5.0463482786254446,-0.8329932930530433,0,0.8
1011,32,19,-4.0463482786254446,-0.8329932930530433,1,0.2
1012,32,20,-3.046348278625445,-0.8329932930530433,1,0.2
1013,32,21,-2.046348278625445,-0.8329932930530433,1,0.2
1014,32,22,-1.0463482786254446,-0.8329932930530433,1,0.2
1015,32,23,-0.0463482786254445,-0.8329932930530433,1,0.2
1016,32,24,0.9536517213745554,-0.8329932930530433,1,0.2
1017,32,25,1.9536517213745557,-0.8329932930530433,0,0.8
1018,32,26,2.9536517213745554,-0.8329932930530433,0,0.8
1019,32,27,3.953651721374555,-0.8329932930530433,0,0.8
1020,32,28,4.9536517213745554,-0.8329932930530433,0,0.8
1021,32,29,5.9536517213745554,-0.8329932930530433,0,0.8
1022,32,30,6.9536517213745554,-0.8329932930530433,0,0.8
1023,33,0,-23.046348278625445,0.1670067069469567,0,0.8
1024,33,1,-22.046348278625445,0.1670067069469567,0,0.8
1025,33,2,-21.046348278625445,0.1670067069469567,0,0.8
1026,33,3,-20.046348278625445,0.1670067069469567,0,0.8
1027,33,4,-19.046348278625445,0.1670067069469567,0,0.8
1028,33,5,-18.046348278625445,0.1670067069469567,0,0.8
1029,33,6,-17.046348278625445,0.1670067069469567,0,0.8
1030,33,7,-16.046348278625445,0.1670067069469567,0,0.8
1031,33,8,-15.046348278625445,0.1670067069469567,0,0.8
1032,33,9,-14.046348278625445,0.1670067069469567,0,0.8
1033,33,10,-13.046348278625445,0.1670067069469567,0,0.8
1034,33,11,-12.046348278625445,0.1670067069469567,0,0.8
1035,33,12,-11.046348278625445,0.1670067069469567,0,0.8
1036,33,13,-10.046348278625445,0.1670067069469567,0,0.8
1037,33,14,-9.046348278625445,0.1670067069469567,0,0.8
1038,33,15,-8.046348278625445,0.1670067069469567,0,0.8
1039,33,16,-7.0463482786254446,0.1670067069469567,0,0.8
1040,33,17,-6.0463482786254446,0.1670067069469567,0,0.8
1041,33,18,-5.0463482786254446,0.1670067069469567,1,0.2
1042,33,19,-4.0463482786254446,0.1670067069469567,1,0.2
1043,33,20,-3.046348278625445,0.1670067069469567,1,0.2
1044,33,21,-2.046348278625445,0.1670067069469567,1,0.2
1045,33,22,-1.0463482786254446,0.1670067069469567,1,0.2
1046,33,23,-0.0463482786254445,0.1670067069469567,1,0.2
1047,33,24,0.9536517213745554,0.1670067069469567,1,0.2
1048,33,25,1.9536517213745557,0.1670067069469567,1,0.2
1049,33,26,2.9536517213745554,0.1670067069469567,1,0.2
1050,33,27,3.953651721374555,0.1670067069469567,0,0.8
1051,33,28,4.9536517213745554,0.1670067069469567,0,0.8
1052,33,29,5.9536517213745554,0.1670067069469567,0,0.8
1053,33,30,6.9536517213745554,0.1670067069469567,0,0.8
1054,34,0,-23.046348278625445,1.1670067069469567,0,0.8
1055,34,1,-22.046348278625445,1.1670067069469567,0,0.8
1056,34,2,-21.046348278625445,1.1670067069469567,0,0.8
1057,34,3,-20.046348278625445,1.1670067069469567,0,0.8
1058,34,4,-19.046348278625445,1.1670067069469567,0,0.8
1059,34,5,-18.046348278625445,1.1670067069469567,0,0.8
1060,34,6,-17.046348278625445,1.1670067069469567,0,0.8
1061,34,7,-16.046348278625445,1.1670067069469567,0,0.8
1062,34,8,-15.046348278625445,1.1670067069469567,0,0.8
1063,34,9,-14.046348278625445,1.1670067069469567,0,0.8
1064,34,10,-13.046348278625445,1.1670067069469567,0,0.8
1065,34,11,-12.046348278625445,1.1670067069469567,0,0.8
1066,34,12,-11.046348278625445,1.1670067069469567,0,0.8
1067,34,13,-10.046348278625445,1.1670067069469567,0,0.8
1068,34,14,-9.046348278625445,1.1670067069469567,0,0.8
1069,34,15,-8.046348278625445,1.1670067069469567,0,0.8
1070,34,16,-7.0463482786254446,1.1670067069469567,0,0.8
1071,34,17,-6.0463482786254446,1.1670067069469567,1,0.2
1072,34,18,-5.0463482786254446,1.1670067069469567,1,0.2
1073,34,19,-4.0463482786254446,1.1670067069469567,1,0.2
1074,34,20,-3.046348278625445,1.1670067069469567,1,0.2
1075,34,21,-2.046348278625445,1.1670067069469567,1,0.2
1076,34,22,-1.0463482786254446,1.1670067069469567,1,0.2
1077,34,23,-0.0463482786254445,1.1670067069469567,1,0.2
1078,34,24,0.9536517213745554,1.1670067069469567,1,0.2
1079,34,25,1.9536517213745557,1.1670067069469567,1,0.2
1080,34,26,2.9536517213745554,1.1670067069469567,1,0.2
1081,34,27,3.953651721374555,1.1670067069469567,0,0.8
1082,34,28,4.9536517213745554,1.1670067069469567,0,0.8
1083,34,29,5.9536517213745554,1.1670067069469567,0,0.8
1084,34,30,6.9536517213745554,1.1670067069469567,0,0.8
1085,35,0,-23.046348278625445,2.1670067069469567,0,0.8
1086,35,1,-22.046348278625445,2.1670067069469567,0,0.8
1087,35,2,-21.046348278625445,2.1670067069469567,0,0.8
1088,35,3,-20.046348278625445,2.1670067069469567,0,0.8
1089,35,4,-19.046348278625445,2.1670067069469567,0,0.8
1090,35,5,-18.046348278625445,2.1670067069469567,0,0.8
1091,35,6,-17.046348278625445,2.1670067069469567,0,0.8
1092,35,7,-16.046348278625445,2.1670067069469567,0,0.8
1093,35,8,-15.046348278625445,2.1670067069469567,0,0.8
1094,35,9,-14.046348278625445,2.1670067069469567,0,0.8
1095,35,10,-13.046348278625445,2.1670067069469567,0,0.8
1096,35,11,-12.046348278625445,2.1670067069469567,0,0.8
1097,35,12,-11.046348278625445,2.1670067069469567,0,0.8
1098,35,13,-10.046348278625445,2.1670067069469567,0,0.8
1099,35,14,-9.046348278625445,2.1670067069469567,0,0.8
1100,35,15,-8.046348278625445,2.1670067069469567,0,0.8
1101,35,16,-7.0463482786254446,2.1670067069469567,0,0.8
1102,35,17,-6.0463482786254446,2.1670067069469567,1,0.2
1103,35,18,-5.0463482786254446,2.1670067069469567,1,0.2
1104,35,19,-4.0463482786254446,2.1670067069469567,1,0.2
1105,35,20,-3.046348278625445,2.1670067069469567,1,0.2
1106,35,21,-2.046348278625445,2.1670067069469567,1,0.2
1107,35,22,-1.0463482786254446,2.1670067069469567,1,0.2
1108,35,23,-0.0463482786254445,2.1670067069469567,1,0.2
1109,35,24,0.9536517213745554,2.1670067069469567,1,0.2
1110,35,25,1.9536517213745557,2.1670067069469567,1,0.2
1111,35,26,2.9536517213745554,2.1670067069469567,1,0.2
1112,35,27,3.953651721374555,2.1670067069469567,0,0.8
1113,35,28,4.9536517213745554,2.1670067069469567,0,0.8
1114,35,29,5.9536517213745554,2.1670067069469567,0,0.8
1115,35,30,6.9536517213745554,2.1670067069469567,0,0.8
1116,36,0,-23.046348278625445,3.1670067069469567,0,0.8
1117,36,1,-22.046348278625445,3.1670067069469567,0,0.8
1118,36,2,-21.046348278625445,3.1670067069469567,0,0.8
1119,36,3,-20.046348278625445,3.1670067069469567,0,0.8
1120,36,4,-19.046348278625445,3.1670067069469567,0,0.8
1121,36,5,-18.046348278625445,3.1670067069469567,0,0.8
1122,36,6,-17.046348278625445,3.1670067069469567,0,0.8
1123,36,7,-16.046348278625445,3.1670067069469567,0,0.8
1124,36,8,-15.046348278625445,3.1670067069469567,0,0.8
1125,36,9,-14.046348278625445,3.1670067069469567,0,0.8
1126,36,10,-13.046348278625445,3.1670067069469567,0,0.8
1127,36,11,-12.046348278625445,3.1670067069469567,0,0.8
1128,36,12,-11.046348278625445,3.1670067069469567,0,0.8
1129,36,13,-10.046348278625445,3.1670067069469567,0,0.8
1130,36,14,-9.046348278625445,3.1670067069469567,0,0.8
1131,36,15,-8.046348278625445,3.1670067069469567,0,0.8
1132,36,16,-7.0463482786254446,3.1670067069469567,0,0.8
1133,36,17,-6.0463482786254446,3.1670067069469567,1,0.2
1134,36,18,-5.0463482786254446,3.1670067069469567,1,0.2
1135,36,19,-4.0463482786254446,3.1670067069469567,1,0.2
1136,36,20,-3.046348278625445,3.1670067069469567,1,0.2
1137,36,21,-2.046348278625445,3.1670067069469567,1,0.2
1138,36,22,-1.0463482786254446,3.1670067069469567,1,0.2
1139,36,23,-0.0463482786254445,3.1670067069469567,1,0.2
1140,36,24,0.9536517213745554,3.1670067069469567,1,0.2
1141,36,25,1.9536517213745557,3.1670067069469567,1,0.2
1142,36,26,2.9536517213745554,3.1670067069469567,0,0.8
1143,36,27,3.953651721374555,3.1670067069469567,0,0.8
1144,36,28,4.9536517213745554,3.1670067069469567,0,0.8
1145,36,29,5.9536517213745554,3.1670067069469567,0,0.8
1146,36,30,6.9536517213745554,3.1670067069469567,0,0.8
1147,37,0,-23.046348278625445,4.167006706946957,0,0.8
1148,37,1,-22.046348278625445,4.167006706946957,0,0.8
1149,37,2,-21.046348278625445,4.167006706946957,0,0.8
1150,37,3,-20.046348278625445,4.167006706946957,0,0.8
1151,37,4,-19.046348278625445,4.167006706946957,0,0.8
1152,37,5,-18.046348278625445,4.167006706946957,0,0.8
1153,37,6,-17.046348278625445,4.167006706946957,0,0.8
1154,37,7,-16.046348278625445,4.167006706946957,0,0.8
1155,37,8,-15.046348278625445,4.167006706946957,0,0.8
1156,37,9,-14.046348278625445,4.167006706946957,0,0.8
1157,37,10,-13.046348278625445,4.167006706946957,0,0.8
1158,37,11,-12.046348278625445,4.167006706946957,0,0.8
1159,37,12,-11.046348278625445,4.167006706946957,0,0.8
1160,37,13,-10.046348278625445,4.167006706946957,0,0.8
1161,37,14,-9.046348278625445,4.167006706946957,0,0.8
1162,37,15,-8.046348278625445,4.167006706946957,0,0.8
1163,37,16,-7.0463482786254446,4.167006706946957,0,0.8
1164,37,17,-6.0463482786254446,4.167006706946957,0,0.8
1165,37,18,-5.0463482786254446,4.167006706946957,1,0.2
1166,37,19,-4.0463482786254446,4.167006706946957,0,0.8
1167,37,20,-3.046348278625445,4.167006706946957,1,0.2
1168,37,21,-2.046348278625445,4.167006706946957,1,0.2
1169,37,22,-1.0463482786254446,4.167006706946957,1,0.2
1170,37,23,-0.0463482786254445,4.167006706946957,1,0.2
1171,37,24,0.9536517213745554,4.167006706946957,0,0.8
1172,37,25,1.9536517213745557,4.167006706946957,0,0.8
1173,37,26,2.9536517213745554,4.167006706946957,0,0.8
1174,37,27,3.953651721374555,4.167006706946957,0,0.8
1175,37,28,4.9536517213745554,4.167006706946957,0,0.8
1176,37,29,5.9536517213745554,4.167006706946957,0,0.8
1177,37,30,6.9536517213745554,4.167006706946957,0,0.8
1178,38,0,-23.046348278625445,5.167006706946957,0,0.8
1179,38,1,-22.046348278625445,5.167006706946957,0,0.8
1180,38,2,-21.046348278625445,5.167006706946957,0,0.8
1181,38,3,-20.046348278625445,5.167006706946957,0,0.8
1182,38,4,-19.046348278625445,5.167006706946957,0,0.8
1183,38,5,-18.046348278625445,5.167006706946957,0,0.8
1184,38,6,-17.046348278625445,5.167006706946957,0,0.8
1185,38,7,-16.046348278625445,5.167006706946957,0,0.8
1186,38,8,-15.046348278625445,5.167006706946957,0,0.8
1187,38,9,-14.046348278625445,5.167006706946957,0,0.8
1188,38,10,-13.046348278625445,5.167006706946957,0,0.8
1189,38,11,-12.046348278625445,5.167006706946957,0,0.8
1190,38,12,-11.046348278625445,5.167006706946957,0,0.8
1191,38,13,-10.046348278625445,5.167006706946957,0,0.8
1192,38,14,-9.046348278625445,5.167006706946957,0,0.8
1193,38,15,-8.046348278625445,5.167006706946957,0,0.8
1194,38,16,-7.0463482786254446,5.167006706946957,0,0.8
1195,38,17,-6.0463482786254446,5.167006706946957,0,0.8
1196,38,18,-5.0463482786254446,5.167006706946957,0,0.8
1197,38,19,-4.0463482786254446,5.167006706946957,0,0.8
1198,38,20,-3.046348278625445,5.167006706946957,0,0.8
1199,38,21,-2.046348278625445,5.167006706946957,0,0.8
1200,38,22,-1.0463482786254446,5.167006706946957,0,0.8
1201,38,23,-0.0463482786254445,5.167006706946957,0,0.8
1202,38,24,0.9536517213745554,5.167006706946957,0,0.8
1203,38,25,1.9536517213745557,5.167006706946957,0,0.8
1204,38,26,2.9536517213745554,5.167006706946957,0,0.8
1205,38,27,3.953651721374555,5.167006706946957,0,0.8
1206,38,28,4.9536517213745554,5.167006706946957,0,0.8
1207,38,29,5.9536517213745554,5.167006706946957,0,0.8
1208,38,30,6.9536517213745554,5.167006706946957,0,0.8
1209,39,0,-23.046348278625445,6.167006706946957,0,0.8
1210,39,1,-22.046348278625445,6.167006706946957,0,0.8
1211,39,2,-21.046348278625445,6.167006706946957,0,0.8
1212,39,3,-20.046348278625445,6.167006706946957,0,0.8
1213,39,4,-19.046348278625445,6.167006706946957,0,0.8
1214,39,5,-18.046348278625445,6.167006706946957,0,0.8
1215,39,6,-17.046348278625445,6.167006706946957,0,0.8
1216,39,7,-16.046348278625445,6.167006706946957,0,0.8
1217,39,8,-15.046348278625445,6.167006706946957,0,0.8
1218,39,9,-14.046348278625445,6.167006706946957,0,0.8
1219,39,10,-13.046348278625445,6.167006706946957,0,0.8
1220,39,11,-12.046348278625445,6.167006706946957,0,0.8
1221,39,12,-11.046348278625445,6.167006706946957,0,0.8
1222,39,13,-10.046348278625445,6.167006706946957,0,0.8
1223,39,14,-9.046348278625445,6.167006706946957,0,0.8
1224,39,15,-8.046348278625445,6.167006706946957,0,0.8
1225,39,16,-7.0463482786254446,6.167006706946957,0,0.8
1226,39,17,-6.0463482786254446,6.167006706946957,0,0.8
1227,39,18,-5.0463482786254446,6.167006706946957,0,0.8
1228,39,19,-4.0463482786254446,6.167006706946957,0,0.8
1229,39,20,-3.046348278625445,6.167006706946957,0,0.8
1230,39,21,-2.046348278625445,6.167006706946957,0,0.8
1231,39,22,-1.0463482786254446,6.167006706946957,0,0.8
1232,39,23,-0.0463482786254445,6.167006706946957,0,0.8
1233,39,24,0.9536517213745554,6.167006706946957,0,0.8
1234,39,25,1.9536517213745557,6.167006706946957,0,0.8
1235,39,26,2.9536517213745554,6.167006706946957,0,0.8
1236,39,27,3.953651721374555,6.167006706946957,0,0.8
1237,39,28,4.9536517213745554,6.167006706946957,0,0.8
1238,39,29,5.9536517213745554,6.167006706946957,0,0.8
1239,39,30,6.9536517213745554,6.167006706946957,0,0.8
1240,40,0,-23.046348278625445,7.167006706946957,0,0.8
1241,40,1,-22.046348278625445,7.167006706946957,0,0.8
1242,40,2,-21.046348278625445,7.167006706946957,0,0.8
1243,40,3,-20.046348278625445,7.167006706946957,0,0.8
1244,40,4,-19.046348278625445,7.167006706946957,0,0.8
1245,40,5,-18.046348278625445,7.167006706946957,0,0.8
1246,40,6,-17.046348278625445,7.167006706946957,0,0.8
1247,40,7,-16.046348278625445,7.167006706946957,0,0.8
1248,40,8,-15.046348278625445,7.167006706946957,0,0.8
1249,40,9,-14.046348278625445,7.167006706946957,0,0.8
1250,40,10,-13.046348278625445,7.167006706946957,0,0.8
1251,40,11,-12.046348278625445,7.167006706946957,0,0.8
1252,40,12,-11.046348278625445,7.167006706946957,0,0.8
1253,40,13,-10.046348278625445,7.167006706946957,0,0.8
1254,40,14,-9.046348278625445,7.167006706946957,0,0.8
1255,40,15,-8.046348278625445,7.167006706946957,0,0.8
1256,40,16,-7.0463482786254446,7.167006706946957,0,0.8
1257,40,17,-6.0463482786254446,7.167006706946957,0,0.8
1258,40,18,-5.0463482786254446,7.167006706946957,0,0.8
1259,40,19,-4.0463482786254446,7.167006706946957,0,0.8
1260,40,20,-3.046348278625445,7.167006706946957,0,0.8
1261,40,21,-2.046348278625445,7.167006706946957,0,0.8
1262,40,22,-1.0463482786254446,7.167006706946957,0,0.8
1263,40,23,-0.0463482786254445,7.167006706946957,0,0.8
1264,40,24,0.9536517213745554,7.167006706946957,0,0.8
1265,40,25,1.9536517213745557,7.167006706946957,0,0.8
1266,40,26,2.9536517213745554,7.167006706946957,0,0.8
1267,40,27,3.953651721374555,7.167006706946957,0,0.8
1268,40,28,4.9536517213745554,7.167006706946957,0,0.8
1269,40,29,5.9536517213745554,7.167006706946957,0,0.8
1270,40,30,6.9536517213745554,7.167006706946957,0,0.8
